{"cameraMode":{"drawMode":0,"name":"Shaded","section":"Shading Mode"},"sceneLighting":true,"audioPlay":false,"sceneViewState":{"m_AlwaysRefresh":false,"showFog":true,"showSkybox":true,"showFlares":true,"showImageEffects":true,"showParticleSystems":true,"showVisualEffectGraphs":true,"m_FxEnabled":true},"in2DMode":false,"pivot":{"x":-27.748184204101564,"y":0.6406369209289551,"z":-0.45641133189201357},"rotation":{"x":0.2598140239715576,"y":0.005820203572511673,"z":-0.0014586204197257758,"w":0.965729832649231},"size":6.304035663604736,"orthographic":false}